model,val_auprc,val_auroc,train_seconds,best_params
logistic_regression,0.6816987830017349,0.8019740816018477,0.38834309577941895,"{""C"": 0.1}"
random_forest,0.7631273501030038,0.843919805068886,1.798872470855713,"{""max_depth"": null, ""min_samples_leaf"": 1}"
