model,n,brier,ece
logistic_regression,38526,0.18167386422944723,0.1125500019666721
random_forest,38526,0.1481603034833619,0.04042553081036184
esm2_head,38526,0.09302639421570523,0.048741469957309
combined_head,38526,0.08044345298498021,0.04766466932798882
