model,n,brier,ece
logistic_regression,38792,0.18213261570529357,0.11277065241963144
random_forest,38792,0.14844647422148896,0.03968163538873994
esm2_head,38792,0.09330400858557539,0.04910861249927955
combined_head,38792,0.08087715293710632,0.048049762651495
