model,val_auprc,train_seconds
combined_head,0.928886411435832,11.43824553489685
