split,n_variants,n_pos,n_neg,frac_pos,n_genes,n_proteins,median_seq_len,p95_seq_len
train,135418,42037,93381,0.3104240204404141,10425,10425,911.0,4557.0
val,19539,7006,12533,0.35856492143917296,1489,1489,796.0,3695.0
test,38526,13198,25328,0.3425738462337123,2979,2979,864.0,4069.0
TOTAL,193483,62241,131242,0.32168717665117863,14893,14893,890.0,4516.0
