model,params,model_size_mb,train_seconds,single_inference_ms
logistic_regression,63,0.0013074874877929688,0.38834309577941895,0.04186481237411499
random_forest,500,2412.719491004944,1.798872470855713,45.4273521900177
esm2_head,331265,3.813595771789551,16.46209144592285,0.2310238778591156
combined_head,347261,3.996457099914551,11.43824553489685,0.2000071108341217
