model,params,model_size_mb,train_seconds,single_inference_ms
logistic_regression,63,0.0013074874877929688,0.38834309577941895,0.041857361793518066
random_forest,500,2412.719491004944,1.798872470855713,44.00795325636864
esm2_head,331265,3.813595771789551,16.46209144592285,0.2206452190876007
