model,val_auprc,train_seconds
esm2_head,0.9068420282872031,16.46209144592285
