model,operating_threshold,test_n,test_n_pos,test_n_neg,test_auroc,test_auroc_lo,test_auroc_hi,test_auprc,test_auprc_lo,test_auprc_hi,test_f1,test_f1_lo,test_f1_hi,test_accuracy,test_precision,test_recall,test_specificity,test_tn,test_fp,test_fn,test_tp,coverage
alphamissense,0.44531592019528166,37470,12727,24743,0.9657799361374585,0.9640306559869,0.9674233886232685,0.9391192647162105,0.9355953079629699,0.9423338837990876,0.872048624639601,0.8675351470709243,0.8760740141202894,0.9123565519081932,0.8649045521292217,0.8793116995364186,0.9293537566180334,22995,1748,1536,11191,0.9725899392617973
cadd_phred,24.2,38526,13198,25328,0.9280878307429379,0.9256244319406522,0.9307491460959667,0.8390293120674557,0.8323143376122606,0.8455491350371689,0.8079253082460267,0.8029570870203159,0.8130952766431229,0.8600944816487567,0.7626480086114101,0.8589180178814972,0.8607075173720783,21800,3528,1862,11336,1.0
