model,operating_threshold,val_n,val_n_pos,val_n_neg,val_auroc,val_auprc,val_f1,val_accuracy,test_n,test_n_pos,test_n_neg,test_auroc,test_auroc_lo,test_auroc_hi,test_auprc,test_auprc_lo,test_auprc_hi,test_f1,test_f1_lo,test_f1_hi,test_accuracy,test_precision,test_recall,test_specificity,test_tn,test_fp,test_fn,test_tp,train_seconds,model_size_mb,params,single_inference_ms
logistic_regression,0.43,19539,7006,12533,0.8019740816018477,0.6816987830017349,0.656386348694041,0.7057679512769333,38526,13198,25328,0.8004456152643583,0.7955854196525239,0.805125036068772,0.6678461068911774,0.6589364361925191,0.6766572416350235,0.6465431484705297,0.6402538253301663,0.6527372571494264,0.704874630119919,0.5481813389562467,0.7879224124867404,0.6615998104864181,16757,8571,2799,10399,0.38834309577941895,0.0013074874877929688,63,0.041857361793518066
random_forest,0.315,19539,7006,12533,0.843919805068886,0.7631273501030038,0.6978176462712545,0.7689748707712779,38526,13198,25328,0.849742686754449,0.8458031771071403,0.8536754193803116,0.7637058696606311,0.7567166878919673,0.7709828206916501,0.6905166730282105,0.6840773277185866,0.6966749317238253,0.7684940040492135,0.6369630625440112,0.7539021063797545,0.7760975994946304,19657,5671,3248,9950,1.798872470855713,2412.719491004944,500,44.00795325636864
esm2_head,0.56,19539,7006,12533,0.9389037149746535,0.9070362399008381,0.8271157535706672,0.8754798096115461,38526,13198,25328,0.9389221745297844,0.9364614676747632,0.9413139315421397,0.9014458653365791,0.8973070069344576,0.9057367543274562,0.8194650534566069,0.8143653962046555,0.8246109042717312,0.8768364221564657,0.8230034390523501,0.8159569631762388,0.9085596967782691,23012,2316,2429,10769,16.46209144592285,3.813595771789551,331265,0.2206452190876007
